68.787117,nan,nan,nan
69.691101,nan,nan,nan
70.406731,nan,nan,nan
69.625168,nan,nan,nan
69.314438,nan,nan,nan
69.116699,nan,nan,nan
70.001823,nan,nan,nan
69.662849,nan,nan,nan
70.397316,nan,nan,nan
70.321991,nan,nan,nan
70.821060,nan,nan,nan
70.406731,nan,nan,nan
70.915230,nan,nan,nan
70.773972,nan,nan,nan
71.037643,nan,nan,nan
70.566841,nan,nan,nan
69.879402,nan,nan,nan
70.067757,nan,nan,nan
68.984856,nan,nan,nan
68.984856,nan,nan,nan
69.540436,nan,nan,nan
69.559280,nan,nan,nan
70.143082,nan,nan,nan
70.256081,nan,nan,nan
69.926514,nan,nan,nan
70.331398,nan,nan,nan
71.536720,nan,nan,nan
71.564964,nan,nan,nan
71.838036,nan,nan,nan
71.838036,nan,nan,nan
71.960457,nan,nan,nan
72.619614,nan,nan,nan
72.968025,nan,nan,nan
73.118675,nan,nan,nan
73.062187,nan,nan,nan
73.081009,nan,nan,nan
73.363510,nan,nan,nan
74.210976,nan,nan,nan
74.229828,nan,nan,nan
74.258079,nan,nan,nan
74.041481,nan,nan,nan
74.163910,nan,nan,nan
78.919205,nan,nan,nan
78.994522,nan,nan,nan
78.325974,nan,nan,nan
78.325974,nan,nan,nan
79.145210,nan,nan,nan
79.229942,nan,nan,nan
79.540695,nan,nan,nan
79.352364,nan,nan,nan
79.625435,73.044862,86.206007,73.009358
79.182869,72.375787,85.989951,73.178790
78.975700,71.973236,85.978165,73.365904
79.032196,71.850738,86.213654,73.559203
79.145210,71.828954,86.461466,73.725959
78.530067,71.106965,85.953170,73.927790
78.738258,71.275683,86.200833,74.100201
77.981155,70.447485,85.514826,74.272069
78.104187,70.567913,85.640461,74.423293
79.230362,71.669302,86.791422,74.557045
78.653099,71.029144,86.277054,74.718071
78.795021,71.133408,86.456634,74.850812
79.372330,71.697166,87.047493,74.950641
80.328148,72.605798,88.050498,75.193521
78.870743,71.072676,86.668810,75.415293
79.656227,71.859585,87.452870,75.583144
79.741432,71.947574,87.535290,75.827322
76.731934,68.991963,84.471904,76.055839
77.214592,69.623351,84.805833,76.163519
78.340782,70.978194,85.703370,76.358100
78.066338,70.931069,85.201606,76.535670
79.646774,72.729003,86.564545,76.700762
80.659409,73.932624,87.386193,76.842475
80.990623,74.391406,87.589841,77.032128
80.772949,74.305241,87.240658,77.217217
80.148361,73.885118,86.411605,77.371884
82.192513,76.162173,88.222852,77.507352
81.747734,75.770482,87.724986,77.845797
81.227234,75.359892,87.094576,78.000487
80.933838,75.212331,86.655345,78.128509
80.914917,75.382645,86.447189,78.262450
80.924385,75.602609,86.246161,78.387909
80.820267,75.680072,85.960461,78.503697
81.113655,76.156350,86.070960,78.597836
81.123123,76.350542,85.895704,78.689131
80.952774,76.400510,85.505038,78.794676
81.340782,77.049540,85.632025,78.896178
81.719330,77.681298,85.757361,79.016160
82.438583,78.580834,86.296333,79.171981
83.460663,79.771496,87.149829,79.321756
83.545822,79.980563,87.111081,79.481130
83.489052,80.114076,86.864028,79.653417
83.110512,79.970757,86.250266,79.871069
83.356544,80.104729,86.608360,79.987380
84.795059,81.422636,88.167482,80.071574
83.612091,80.027359,87.196823,80.220910
85.306076,81.639287,88.972865,80.372362
85.268227,81.358281,89.178172,80.514013
85.173599,81.050955,89.296244,80.638251
86.697273,82.386582,91.007965,80.806468
86.971710,82.357065,91.586355,80.952662
86.895996,81.980666,91.811326,81.097934
87.378662,82.215997,92.541327,81.301525
89.015877,83.599552,94.432201,81.479572
88.883392,83.086368,94.680416,81.697383
87.766663,81.647807,93.885519,81.929977
89.914932,83.631160,96.198705,82.172629
89.205147,82.591652,95.818641,82.538447
86.858154,80.057102,93.659206,82.869806
83.280830,76.473347,90.088314,83.078819
86.432274,79.687856,93.176692,83.148801
84.804504,78.071733,91.537276,83.380463
80.451195,73.792009,87.110380,83.446772
83.451195,76.831316,90.071074,83.382449
84.350258,77.770065,90.930451,83.430802
85.012711,78.527874,91.497548,83.537100
86.343849,79.911616,92.776082,83.650339
88.102898,81.686471,94.519325,83.791737
87.475342,81.204267,93.746417,84.060891
88.159912,82.062491,94.257333,84.253035
86.990425,80.969406,93.011444,84.439108
87.218613,81.380273,93.056952,84.584952
89.434021,83.675373,95.192669,84.709737
90.727135,84.881701,96.572568,84.855606
89.567131,83.543565,95.590697,85.036222
89.158287,83.080632,95.235942,85.177304
88.283516,82.234839,94.332193,85.323834
88.473709,82.409040,94.538378,85.510629
89.034683,82.975509,95.093858,85.631133
88.730408,82.690804,94.770011,85.754148
89.243858,83.272146,95.215570,85.874071
89.785835,83.877608,95.694063,85.992721
91.792053,85.939281,97.644825,86.104312
92.010727,86.111934,97.909519,86.273628
89.766823,83.817090,95.716556,86.417985
89.234337,83.401183,95.067491,86.528098
89.548103,83.890754,95.205453,86.647735
89.947456,84.447196,95.447717,86.772033
88.321556,82.955236,93.687876,86.948733
88.549744,83.335742,93.763745,87.036976
87.931725,82.811183,93.052266,87.109378
85.374031,80.361156,90.386906,87.169665
82.892395,77.969143,87.815647,87.171108
89.167793,84.228869,94.106718,87.104162
85.069771,80.241150,89.898392,87.210393
84.993690,80.176816,89.810565,87.174821
86.781227,82.039211,91.523244,87.183784
84.166481,79.461688,88.871274,87.200324
85.297966,80.540136,90.055796,87.144997
87.789124,83.036122,92.542125,87.147176
87.836655,83.088656,92.584653,87.165464
85.792396,81.046261,90.538532,87.178823
86.305824,81.537289,91.074359,87.155287
88.312057,83.531361,93.092754,87.137575
87.342224,82.575687,92.108761,87.124929
88.977631,84.228222,93.727039,87.097638
88.502228,83.733908,93.270548,87.111046
89.538620,84.812786,94.264454,87.053103
91.345154,86.608255,96.082052,87.024202
91.696968,86.837582,96.556354,87.094813
91.383224,86.543285,96.223164,87.264197
90.327797,85.392932,95.262661,87.355814
90.660576,85.753054,95.568098,87.474314
88.540268,84.071117,93.009419,87.757114
87.770081,83.508307,92.031854,87.944418
89.624191,85.509040,93.739343,88.020880
91.107468,87.086879,95.128056,88.112105
88.920593,84.871899,92.969288,88.238618
90.327797,86.278741,94.376852,88.258125
88.911064,84.840500,92.981628,88.312166
89.443535,85.373379,93.513691,88.325047
90.479919,86.428387,94.531452,88.368016
91.487785,87.423297,95.552274,88.413986
91.097938,86.961653,95.234224,88.442994
92.172394,88.020161,96.324626,88.438942
93.094681,88.835706,97.353656,88.483420
92.894989,88.465723,97.324255,88.533887
93.208771,88.638999,97.778543,88.585157
92.533684,87.811007,97.256360,88.643839
92.772430,87.948118,97.596743,88.697933
91.846123,86.914236,96.778010,88.742001
92.018028,87.029716,97.006340,88.767373
93.202156,88.154793,98.249519,88.787525
93.106659,87.987178,98.226140,88.771307
94.214378,89.038909,99.389847,88.759969
93.880157,88.525547,99.234768,88.812398
93.927895,88.428381,99.427408,88.892025
93.593674,87.955226,99.232121,88.941060
94.491318,88.742234,100.240401,88.997204
94.386269,88.494060,100.278477,89.094359
96.248413,90.228567,102.268259,89.223528
97.088737,90.839135,103.338340,89.378770
97.585327,91.181979,103.988675,89.623880
97.871811,91.513481,104.230141,89.953408
96.334335,89.669655,102.999016,90.101041
97.050560,90.414911,103.686209,90.428930
96.496689,89.879324,103.114054,90.743342
96.744980,90.094617,103.395343,90.977722
96.305710,89.832194,102.779225,91.307673
96.850014,90.519655,103.180372,91.590034
95.618133,89.253151,101.983116,91.797281
96.315254,89.996695,102.633814,92.072683
96.315254,90.178783,102.451725,92.328295
97.279739,91.314590,103.244888,92.558211
96.582634,90.614184,102.551084,92.737800
95.885529,90.043365,101.727693,92.906963
93.956558,88.180499,99.732617,93.072847
94.615471,88.996236,100.234706,93.175477
93.144852,87.619661,98.670043,93.258734
94.185738,88.691618,99.679857,93.293886
94.166626,88.691464,99.641788,93.336023
95.503563,90.058819,100.948306,93.386748
94.586815,89.194296,99.979333,93.487683
95.264847,89.935269,100.594425,93.546532
96.601746,91.469505,101.733987,93.700858
97.260658,92.380826,102.140491,93.895150
97.518478,92.723805,102.313152,94.083111
97.384788,92.582560,102.187017,94.249257
99.495201,94.874795,104.115607,94.477077
100.679321,96.003734,105.354909,94.681564
100.182770,95.503677,104.861862,94.930229
101.175896,96.532548,105.819244,95.163639
100.383308,95.626573,105.140043,95.376788
99.695747,94.859969,104.531526,95.573334
101.481476,96.673581,106.289371,95.790308
103.104874,98.132341,108.077406,96.117495
102.808861,97.496416,108.121305,96.331924
105.835999,100.271760,111.400237,96.508324
104.680534,98.562684,110.798385,96.777078
102.827957,96.398109,109.257806,97.045770
100.622032,94.072638,107.171426,97.262374
101.300041,94.839781,107.760302,97.418047
101.491028,95.097372,107.884684,97.568141
102.722893,96.334858,109.110927,97.698434
103.171715,96.742518,109.600911,97.845613
103.257675,96.723722,109.791628,97.974453
103.973869,97.367550,110.580188,98.132950
104.556389,97.850417,111.262361,98.258640
104.728264,97.926506,111.530022,98.430158
104.088463,97.159426,111.017499,98.559577
103.334061,96.351073,110.317049,98.743120
104.623230,97.569380,111.677080,98.862079
103.204498,95.997251,110.411746,98.973408
103.185310,95.902985,110.467636,99.095180
103.127792,95.773744,110.481841,99.181668
102.447174,95.071175,109.823173,99.298337
101.594017,94.206832,108.981202,99.380328
102.629311,95.277191,109.981430,99.471747
103.108604,95.762305,110.454904,99.554241
103.913864,96.582390,111.245338,99.679209
105.064194,97.706010,112.422377,99.793463
105.696877,98.324630,113.069123,100.101158
107.384056,99.948613,114.819499,100.261609
107.316940,99.731110,114.902770,100.476430
107.681221,99.936372,115.426070,100.673961
107.086861,99.213245,114.960476,100.886317
104.000145,96.098572,111.901718,101.166190
104.239784,96.599781,111.879787,101.458072
103.731720,96.324220,111.139220,101.667444
104.853302,97.855934,111.850670,101.932370
106.636307,99.963737,113.308877,102.159361
107.086861,100.710526,113.463195,102.443388
108.237221,102.048345,114.426097,102.634113
108.678185,102.743174,114.613195,102.857276
107.499077,101.769108,113.229046,103.073099
108.524811,102.993335,114.056287,103.255614
107.077286,101.652512,112.502060,103.445722
108.869904,103.656190,114.083617,103.607958
109.531342,104.467184,114.595499,103.814629
109.924370,104.803747,115.044992,104.227052
109.713478,104.455173,114.971783,104.422354
109.262932,103.945003,114.580860,104.592773
109.675133,104.295448,115.054818,104.737119
109.636787,104.237907,115.035668,104.918334
110.825478,105.489933,116.161022,105.176072
110.384506,104.925239,115.843773,105.443369
110.403679,104.804645,116.002713,105.591257
108.122192,102.412060,113.832325,105.724064
107.489494,101.737442,113.241546,105.793166
106.262466,100.496787,112.028146,105.865991
107.614120,101.910039,113.318202,105.974058
101.766571,96.244654,107.288488,106.174405
101.526894,96.035759,107.018029,106.058818
105.035431,99.546685,110.524177,105.909237
103.146988,97.732115,108.561861,105.942774
106.406265,100.990320,111.822211,105.912406
106.128273,100.771244,111.485302,105.967452
104.009712,98.687882,109.331543,105.996024
104.163094,98.825749,109.500438,105.963216
105.092949,99.741111,110.444787,105.930998
103.626282,98.298066,108.954497,105.939553
98.085487,92.769202,103.401772,105.899945
103.818001,98.046822,109.589180,105.555726
102.533455,96.784091,108.282819,105.529931
99.552147,93.773605,105.330689,105.449997
99.437126,93.428887,105.445365,105.259958
102.389664,96.181507,108.597820,105.045398
101.536499,95.369257,107.703741,105.009253
101.766571,95.544551,107.988591,104.963056
103.060699,96.778667,109.342732,104.908895
103.262001,96.953935,109.570067,104.887525
107.326538,100.980090,113.672986,104.860911
107.125221,100.764125,113.486317,104.908250
105.035431,98.679083,111.391779,104.911487
102.447174,96.101846,108.792502,104.880656
102.514282,96.124596,108.903969,104.792207
101.060501,94.622706,107.498296,104.713000
103.284470,96.735007,109.833932,104.641069
104.256867,97.686588,110.827145,104.615805
100.723564,94.163174,107.283954,104.620417
97.921936,91.225025,104.618847,104.516759
99.269791,92.254831,106.284750,104.248934
99.231262,92.036608,106.425916,104.140051
102.504654,95.180718,109.828589,104.041208
103.149712,95.876349,110.423074,103.963469
106.981483,99.736030,114.226937,103.909213
106.086105,98.894027,113.278183,103.932060
106.760033,99.589500,113.930566,103.927793
107.915352,100.821528,115.009176,103.915847
104.478310,97.461559,111.495060,103.770206
105.123360,98.277917,111.968803,103.694968
100.916107,94.236232,107.595982,103.658884
103.582939,96.984000,110.181878,103.534328
104.545700,98.135810,110.955590,103.473163
105.017456,98.808240,111.226672,103.426984
105.373665,99.476647,111.270683,103.384246
102.081032,96.472092,107.689972,103.341211
99.057991,93.766707,104.349275,103.251128
100.097778,94.816268,105.379289,103.045404
99.828194,94.596956,105.059432,102.908512
97.729401,92.480910,102.977891,102.757118
94.571541,89.264570,99.878512,102.526857
90.624237,84.818900,96.429574,102.134802
96.814766,90.069544,103.559988,101.914399
97.411682,90.510460,104.312905,101.720104
96.651093,89.609353,103.692832,101.599044
97.787148,90.668016,104.906279,101.440180
97.353920,90.227322,104.480518,101.326074
93.772453,86.554643,100.990263,101.220504
98.133751,90.599966,105.667536,101.029499
98.258888,90.730494,105.787283,100.921636
98.971336,91.415287,106.527386,100.823547
100.386597,92.857828,107.915365,100.877964
99.741547,92.240882,107.242211,100.784684
98.971336,91.466157,106.476516,100.723149
98.249291,90.731546,105.767035,100.730425
101.099037,93.550510,108.647565,100.737323
101.455254,93.914189,108.996318,100.700929
102.167694,94.626893,109.708495,100.698243
103.698463,96.154329,111.242598,100.698980
101.744095,94.185002,109.303188,100.722127
102.735703,95.197983,110.273422,100.707823
102.244705,94.902999,109.586411,100.608481
103.178589,96.037132,110.320046,100.543699
101.166405,94.091678,108.241132,100.512785
99.106148,92.044147,106.168149,100.489780
102.418014,95.352495,109.483534,100.431773
100.540627,93.461628,107.619625,100.468568
98.952080,91.906299,105.997861,100.416692
101.801834,94.806620,108.797049,100.327009
103.226723,96.224965,110.228481,100.341214
102.081032,95.093633,109.068431,100.460219
101.349342,94.368910,108.329775,100.494397
101.734436,94.770033,108.698839,100.516141
101.330093,94.376256,108.283931,100.496696
102.909012,95.983334,109.834690,100.465188
102.832001,96.105015,109.558986,100.338962
102.918633,96.338044,109.499221,100.278684
104.189468,97.808140,110.570797,100.194496
104.141342,98.023150,110.259535,100.109325
103.599907,97.498395,109.701419,100.042743
105.785027,99.760957,111.809096,99.949221
107.293327,101.091695,113.494960,100.018105
107.892776,101.464155,114.321398,100.049221
108.637276,101.981327,115.293225,100.046841
108.453568,101.537156,115.369979,100.049732
108.318199,101.186983,115.449415,100.057488
108.801643,101.377039,116.226248,100.140106
108.540581,100.825538,116.255624,100.294077
107.999123,100.023033,115.975212,100.428874
108.047501,99.873175,116.221826,100.543276
106.732552,98.436529,115.028575,100.750142
106.848564,98.706097,114.991031,101.304821
109.091698,101.534850,116.648545,101.704306
109.855522,102.237785,117.473259,102.009985
110.706367,102.970317,118.442418,102.309843
110.793388,102.957972,118.628805,102.666993
112.069649,104.097856,120.041442,102.953477
113.674660,105.530015,121.819304,103.431366
113.752006,105.642329,121.861684,103.936966
113.626305,105.255272,121.997338,104.370973
116.236855,107.661646,124.812064,104.704941
113.171883,104.161597,122.182168,105.072051
113.761681,104.569192,122.954169,105.367997
114.003403,104.651294,123.355512,105.645496
112.901169,103.452667,122.349671,105.930950
113.055862,103.667117,122.444608,106.196293
114.032410,104.564408,123.500411,106.400090
115.076607,105.480792,124.672422,106.643532
115.240990,105.448414,125.033565,106.872048
115.995140,105.973061,126.017220,107.068452
115.405350,105.204354,125.606345,107.343552
115.917786,105.567145,126.268426,107.550053
115.956459,105.473584,126.439334,107.738455
115.328003,104.701252,125.954754,107.937549
116.207855,105.595676,126.820034,108.185996
116.343216,105.868305,126.818127,108.504618
116.942665,106.426959,127.458371,108.827643
117.039360,106.595918,127.482802,109.328248
116.768631,106.562062,126.975200,109.729859
117.735489,107.612751,127.858227,110.018304
119.282501,109.135961,129.429042,110.297995
119.659561,109.500955,129.818167,110.647685
121.283913,111.191024,131.376801,110.998930
120.868164,110.746708,130.989621,111.373060
124.870979,114.847698,134.894261,111.777248
125.586479,115.253905,135.919053,112.368932
125.470459,114.849255,136.091663,112.768193
126.272972,115.452541,137.093404,113.114878
123.643066,112.534818,134.751315,113.572206
122.028404,110.920779,133.136029,113.932062
124.629257,113.721395,135.537120,114.293860
123.904121,112.917769,134.890474,114.705924
121.361252,110.301634,132.420870,115.056953
121.351593,110.359474,132.343712,115.378927
121.341919,110.403879,132.279959,115.632784
122.917892,112.069098,133.766687,115.881316
119.263145,108.467058,130.059233,116.231832
120.597435,109.986041,131.208829,116.452326
122.295708,111.871794,132.719621,116.703066
125.119705,114.886592,135.352818,116.947294
124.285141,114.129415,134.440867,117.263796
122.489807,112.618417,132.361197,117.614923
123.149712,113.695712,132.603711,117.897982
123.896942,114.689434,133.104450,118.145895
122.450981,113.435905,131.466057,118.389222
122.509209,113.718671,131.299747,118.686015
122.431580,113.889010,130.974149,118.928160
121.247642,112.892135,129.603150,119.310069
122.014290,113.795844,130.232736,119.495588
120.024872,111.936603,128.113141,119.717298
116.298340,108.391494,124.205186,119.871519
119.520225,111.615538,127.424913,119.848293
122.111328,114.431839,129.790818,120.032340
124.042534,116.537441,131.547627,120.222473
127.516716,120.126059,134.907373,120.432950
128.681259,121.306856,136.055662,120.783930
128.196060,120.777401,135.614720,121.081238
127.604065,120.153614,135.054515,121.377555
128.409546,120.936672,135.882419,121.590753
128.535721,121.006729,136.064713,121.789161
128.923859,121.317133,136.530585,122.005742
131.165604,123.528005,138.803202,122.206570
131.679947,123.832922,139.526972,122.489924
132.902710,124.850715,140.954705,122.758575
132.922119,124.653243,141.190995,123.148482
133.708145,125.220979,142.195311,123.537876
129.486710,120.759053,138.214366,123.793226
129.971954,121.320876,138.623033,124.056278
130.185440,121.609569,138.761311,124.257953
130.001083,121.541676,138.460491,124.421315
131.670227,123.302611,140.037844,124.657400
132.543671,124.105023,140.982318,124.904376
133.397629,124.839825,141.955432,125.063052
133.009415,124.228955,141.789875,125.227822
132.912399,123.985579,141.839219,125.453868
132.427170,123.278204,141.576135,125.576016
133.776093,124.444328,143.107857,125.689502
134.309830,124.727864,143.891796,125.854182
134.795074,124.943404,144.646745,126.002040
134.795074,124.694256,144.895893,126.193439
133.028854,122.755778,143.301931,126.409555
132.242813,121.844392,142.641235,126.573558
132.388351,121.926855,142.849848,126.725031
132.582443,122.157656,143.007230,127.035094
134.338959,123.963206,144.714712,127.396605
135.173553,124.790144,145.556963,127.679939
136.561279,126.079321,147.043238,127.918517
136.046951,125.619207,146.474696,128.322715
137.162964,126.773859,147.552069,128.612365
136.862122,126.381704,147.342539,128.887859
136.202240,125.560213,146.844267,129.102754
132.242813,121.528200,142.957426,129.317459
133.979904,123.437379,144.522429,129.556357
132.854156,122.421615,143.286698,129.792340
128.302780,117.989495,138.616065,129.947730
130.709473,120.622793,140.796152,130.035855
131.282043,121.447153,141.116934,130.140308
134.785370,125.223858,144.346882,130.315019
133.640259,124.400125,142.880392,130.579834
131.776993,122.868901,140.685085,130.752581
134.503937,126.190208,142.817665,130.999227
130.453415,123.320033,137.586796,131.524353
130.161362,123.942373,136.380351,131.781874
132.546829,126.983781,138.109877,131.939894
134.766830,129.712131,139.821530,132.088468
133.647095,128.734654,138.559535,132.267309
135.136826,130.332659,139.940992,132.368607
134.153397,129.458314,138.848479,132.484674
129.878967,125.397953,134.359981,132.578754
131.884720,127.502549,136.266891,132.552737
132.167114,127.952467,136.381762,132.599448
131.991852,127.928456,136.055247,132.634127
134.484436,130.443879,138.524993,132.655794
134.231293,130.185350,138.277235,132.704277
132.459198,128.398844,136.519552,132.728677
134.007370,129.943793,138.070947,132.718617
136.363648,132.295130,140.432165,132.720916
135.438675,131.395349,139.482001,132.889723
133.900253,129.915327,137.885179,132.991568
132.498154,128.611823,136.384484,133.049410
132.537125,128.764436,136.309813,133.112083
133.900253,130.152303,137.648204,133.127291
133.705551,129.964061,137.447041,133.151675
132.741577,128.999452,136.483702,133.159466
133.773666,130.028143,137.519190,133.155993
134.873932,131.130669,138.617195,133.168259
137.356827,133.605352,141.108301,133.213380
135.769730,131.864803,139.674656,133.321416
135.477631,131.529224,139.426037,133.379881
133.763962,129.794335,137.733588,133.387142
135.691849,131.736123,139.647575,133.377546
135.867065,131.872026,139.862104,133.422654
134.104721,130.083799,138.125643,133.475033
135.370514,131.367444,139.373584,133.512408
133.462128,129.449192,137.475063,133.575539
131.105820,127.094288,135.117352,133.557949
132.692917,128.629347,136.756487,133.474040
134.484436,130.494112,138.474760,133.407345
133.510773,129.572798,137.448748,133.388268
132.098969,128.295811,135.902126,133.331982
134.601334,130.899526,138.303141,133.260017
135.438675,131.806828,139.070522,133.241634
136.003388,132.343919,139.662856,133.304293
135.876862,132.150979,139.602744,133.338152
137.843674,134.064653,141.622694,133.378660
136.714203,133.063028,140.365378,133.637374
136.013138,132.379008,139.647268,133.774153
133.793137,130.190845,137.395429,133.887877
134.786285,131.190881,138.381690,133.863957
132.780518,129.179173,136.381863,133.884515
133.627609,130.065777,137.189441,133.895596
136.256561,132.695899,139.817224,133.875643
137.025742,133.559712,140.491771,134.045807
140.394684,137.025382,143.763986,134.205110
139.070480,135.316241,142.824719,134.424342
140.803635,136.825271,144.781998,134.498517
139.596268,135.244975,143.947561,134.613154
139.937058,135.366758,144.507357,134.710073
140.745239,135.947157,145.543322,134.863224
140.657562,135.793331,145.521794,135.110809
140.268127,135.241288,145.294966,135.252736
140.462830,135.318868,145.606791,135.384894
142.118133,136.875022,147.361245,135.512660
142.264145,136.714156,147.814134,135.625296
143.198883,137.366901,149.030865,135.736666
143.432587,137.330135,149.535039,135.910561
144.162842,137.749306,150.576377,136.050461
146.022552,139.232779,152.812326,136.182745
146.382797,139.079905,153.685689,136.397022
146.431503,138.673280,154.189727,136.640694
146.177490,138.071653,154.283327,136.950860
146.040680,137.659171,154.422189,137.253888
146.148193,137.487978,154.808409,137.477677
147.750458,138.846567,156.654348,137.678273
148.532013,139.336836,157.727189,137.950647
148.815369,139.265341,158.365397,138.244656
147.896988,137.976906,157.817070,138.458168
146.109100,135.872886,156.345314,138.595934
145.874603,135.490496,156.258711,138.885199
146.402191,135.909462,156.894920,139.090881
146.480331,135.937329,157.023334,139.354378
148.258453,137.608960,158.907947,139.543733
147.877457,137.037219,158.717695,139.734643
147.652756,136.740897,158.564615,139.977815
148.209625,137.210565,159.208686,140.168906
149.714203,138.714401,160.714004,140.443676
150.974487,140.079122,161.869853,140.923337
151.951508,141.014836,162.888180,141.333120
151.130829,140.022248,162.239410,141.718981
150.818192,139.699143,161.937240,142.056571
152.127380,141.166783,163.087978,142.488085
153.788239,142.775736,164.800741,142.853471
153.788239,142.601789,164.974688,143.492141
153.758942,142.416547,165.101336,143.827309
155.019257,143.577508,166.461005,144.003267
155.302582,143.613719,166.991444,144.258198
153.964081,142.113079,165.815082,144.585088
154.071594,142.236373,165.906815,144.892865
156.924377,145.310268,168.538487,145.379778
154.970413,143.366777,166.574050,145.816705
155.370956,144.162835,166.579078,146.327628
153.954361,143.117569,164.791153,146.858173
156.406616,145.852703,166.960530,147.376387
158.360565,147.935495,168.785635,147.868304
157.627853,147.002998,168.252708,148.336822
159.523209,148.892645,170.153772,148.704787
158.399643,147.558202,169.241084,149.068546
159.425491,148.592430,170.258553,149.501700
162.346710,151.478279,173.215141,150.014636
163.255325,152.115271,174.395380,150.448752
162.669098,151.256901,174.081295,151.035259
161.887497,150.359602,173.415391,151.523845
162.884033,151.357050,174.411016,151.939771
161.242691,149.584393,172.900989,152.292216
158.546188,146.920774,170.171603,152.629591
161.653030,150.187264,173.118796,152.961523
164.173630,152.725604,175.621656,153.301922
168.804581,157.199745,180.409416,153.798312
166.313278,154.095787,178.530770,154.628571
170.367783,157.830711,182.904854,155.142544
175.975723,162.823439,189.128007,155.710924
175.760788,161.510639,190.010937,156.541370
179.404968,164.261301,194.548636,157.328476
179.658997,163.365262,195.952731,157.978235
184.358322,166.991240,201.725405,158.757182
180.196350,161.374851,199.017849,159.701124
180.460114,160.788506,200.131721,160.683891
179.483170,159.092277,199.874062,161.510076
181.085419,160.248021,201.922817,162.310695
182.922150,161.624084,204.220215,162.940156
183.470718,161.641578,205.299859,163.576679
180.668945,158.371790,202.966100,164.249404
174.957489,152.399182,197.515796,164.886540
167.414123,144.996129,189.832118,165.441242
164.651474,142.653320,186.649628,165.737254
166.708771,145.157179,188.260363,165.908937
154.962647,133.787582,176.137711,166.199555
158.714722,137.713351,179.716093,165.770889
169.275467,148.511880,190.039054,165.560580
161.163895,140.714635,181.613154,165.928581
167.081024,147.001431,187.160617,165.941685
162.888107,143.146313,182.629902,166.166463
158.283676,138.807683,177.759670,166.450160
147.556397,128.259371,166.853422,166.248431
157.646881,137.964948,177.328814,165.613834
150.505173,130.922715,170.087630,165.425532
136.231537,116.400432,156.062642,165.095890
155.599426,134.352223,176.846630,163.879706
132.665573,111.478287,153.852859,163.604763
143.588806,120.607542,166.570071,162.438587
137.544266,113.957851,161.130680,161.832958
139.807297,115.153282,164.461312,161.037848
134.556305,109.120593,159.992017,160.338009
133.214172,106.546613,159.881732,159.487643
145.322800,117.361423,173.284177,158.668063
143.931641,115.572420,172.290861,158.247001
152.934738,124.102726,181.766750,157.822884
146.655121,117.723143,175.587098,157.699104
156.970932,127.719442,186.222422,157.451612
154.502197,125.218973,183.785422,157.397739
149.016098,119.665720,178.366476,157.244037
152.102020,122.540989,181.663051,157.017018
150.701126,121.027335,180.374917,156.889364
161.908463,132.095465,191.721460,156.758574
160.164642,130.350306,189.978979,156.839344
161.771271,131.963618,191.578924,156.891960
161.781082,131.973160,191.589004,156.931696
162.143539,132.349506,191.937573,156.930852
170.166962,140.458948,199.874975,156.797522
168.383987,138.596654,198.171321,156.919595
173.439026,143.698580,203.179472,156.941200
174.967316,145.324470,204.610161,156.987664
171.499283,141.888542,201.110024,157.058403
164.406586,135.121494,193.691677,157.028409
169.990616,141.206037,198.775195,156.915347
167.933350,139.854579,196.012120,156.740803
170.999680,143.434218,198.565141,156.449633
170.509857,143.400590,197.619124,156.239849
166.356094,139.671667,193.040522,156.124549
173.821091,147.801036,199.841146,156.049690
175.564911,150.106259,201.023562,156.103801
171.019287,146.092612,195.945963,156.178026
175.202408,150.827539,199.577276,156.074221
177.083359,152.694880,201.471838,155.963978
178.827164,154.000280,203.654047,155.962603
179.865601,154.443653,205.287548,156.010674
180.923615,154.908901,206.938328,156.035779
182.941727,156.246805,209.636649,156.336046
178.797760,151.311321,206.284199,156.545217
176.093933,148.222379,203.965487,156.476579
176.858032,148.636191,205.079873,156.672629
179.434525,150.898977,207.970072,156.791349
181.148941,152.140043,210.157839,157.069011
179.895004,150.360428,209.429581,157.349350
182.390259,152.704015,212.076503,157.833939
180.199524,150.012425,210.386623,158.129818
180.278107,149.913852,210.642361,158.540950
178.372284,148.681268,208.063299,159.539516
178.608047,148.764617,208.451478,159.960854
178.205276,149.593127,206.817426,161.250907
180.022690,151.922872,208.122508,162.091935
179.610092,152.518753,206.701431,163.268492
181.653458,155.529659,207.777257,164.314263
182.095520,157.549338,206.641702,165.688005
179.698517,157.153059,202.243974,167.072921
183.903137,162.348107,205.458168,168.090005
185.042694,164.593750,205.491639,169.268464
186.457352,166.366425,206.548278,170.036777
193.373352,174.263845,212.482859,170.935921
182.989532,163.581678,202.397387,171.867344
184.433655,165.651984,203.215325,172.846373
185.612488,168.072865,203.152110,173.803672
190.160965,173.642792,206.679138,174.554003
190.819153,175.413847,206.224458,175.398019
192.862503,177.497913,208.227093,176.079014
191.713120,176.476182,206.950057,176.819634
197.037674,181.983018,212.092330,177.563404
198.354065,183.131029,213.577101,178.347692
194.355728,178.937737,209.773719,179.053688
196.811722,181.086981,212.536463,179.620203
192.872376,176.822005,208.922746,180.138819
194.945190,178.668244,211.222137,180.709416
199.925873,183.280868,216.570878,181.091718
201.094925,183.903023,218.286827,181.650969
202.627441,185.370454,219.884429,182.555693
206.989288,189.239238,224.739338,183.138840
204.582413,186.184154,222.980671,183.856794
209.081741,190.201353,227.962130,184.505296
210.545502,190.919160,230.171843,185.241017
209.906952,189.846386,229.967518,186.089846
203.423187,182.641492,224.204883,186.815013
204.680664,183.682366,225.678963,187.539122
204.376099,183.413108,225.339090,188.296326
200.328674,179.247712,221.409637,188.830948
199.306976,178.277031,220.336922,189.286719
207.873444,186.894620,228.852268,189.669949
205.073593,183.697973,226.449213,190.224006
208.020767,186.435636,229.605898,190.718950
198.972977,176.986289,220.959665,191.350746
197.754822,175.977013,219.532631,191.867243
200.259918,178.904736,221.615100,192.398383
198.462128,177.465150,219.459105,192.903541
200.466232,179.767694,221.164771,193.340076
200.309036,179.804135,220.813937,193.671642
201.399460,181.191945,221.606975,193.983646
212.726425,192.691202,232.761648,194.410309
209.533646,189.258824,229.808467,195.451717
209.189819,188.957001,229.422637,196.008194
212.539780,192.567484,232.512075,196.570187
208.737915,188.895914,228.579916,197.253945
204.582413,185.208624,223.956201,197.790780
199.798187,180.991868,218.604506,198.348470
205.505859,187.455130,223.556589,198.612851
205.024475,187.522975,222.525976,199.010167
205.220947,188.318069,222.123826,199.343073
206.576660,190.571070,222.582250,199.718758
207.765350,192.323391,223.207309,200.154604
206.504852,191.560775,221.448930,200.533463
211.310501,196.859539,225.761463,200.867073
209.774277,195.217075,224.331479,201.219114
210.434036,196.704684,224.163389,201.960593
213.171722,200.210681,226.132763,202.534748
217.780395,205.425081,230.135710,203.007903
223.127655,210.659956,235.595354,203.678713
225.422165,212.330768,238.513561,204.522587
222.093658,208.110412,236.076904,204.997785
223.807159,209.530102,238.084217,205.631980
228.120407,213.152679,243.088135,206.073066
213.989044,197.944587,230.033501,206.654536
210.985535,195.211859,226.759211,207.165002
199.572128,184.042380,215.101876,207.458715
208.070633,192.939912,223.201354,207.675383
202.240829,187.548231,216.933428,207.877239
200.921234,186.314759,215.527709,207.918341
202.280228,187.667179,216.893276,207.909065
205.598877,190.975509,220.222245,207.899980
201.925705,187.290975,216.560435,207.887999
199.818329,185.117595,214.519063,207.861914
197.336731,182.474906,212.198556,207.683211
199.453949,184.345102,214.562796,207.309437
204.259598,189.012614,219.506582,207.097323
197.533661,182.301013,212.766308,207.122445
200.094055,184.638174,215.549937,207.008368
204.653503,189.093286,220.213721,206.934900
206.248810,190.788137,221.709483,207.008164
204.102035,188.796048,219.408023,207.131140
207.125275,191.798764,222.451785,207.074245
209.222809,193.906050,224.539567,207.118245
203.048355,187.721365,218.375346,207.125346
207.174515,191.979766,222.369263,207.367910
202.772629,187.820047,217.725210,207.591826
206.632873,191.760274,221.505473,207.641257
207.371460,192.719828,222.023092,207.752076
212.521774,198.012021,227.031527,207.832107
218.026611,203.610918,232.442304,208.016742
219.464340,204.894611,234.034070,208.458003
217.494827,202.633794,232.355860,208.446682
216.313110,201.232193,231.394028,208.545198
216.313110,201.072953,231.553268,208.643876
210.955994,195.600708,226.311279,208.689410
211.379425,196.011430,226.747420,208.727832
211.527145,196.190880,226.863410,208.862299
211.615768,196.492084,226.739452,209.111784
212.935364,197.833517,228.037211,209.212334
206.879059,191.793589,221.964529,209.318200
210.000763,194.945906,225.055620,209.307457
199.591827,184.559648,214.624007,209.358026
201.600739,186.314022,216.887455,209.070907
199.385040,183.960716,214.809364,208.970152
199.247162,183.583913,214.910411,208.715175
203.284683,187.380382,219.188984,208.512647
213.092911,197.118968,229.066854,208.394646
219.887772,203.915618,235.859925,208.448321
220.311233,204.230400,236.392067,208.474503
215.062454,199.168820,230.956088,208.137184
207.794907,192.534955,223.054858,208.047257
213.250488,198.505627,227.995350,207.795599
212.157394,198.036700,226.278089,207.643652
213.211090,200.278079,226.144101,207.277879
213.920135,201.016411,226.823860,207.102155
211.192352,198.200032,224.184672,207.062864
208.408066,195.594216,221.221915,207.385443
209.731079,196.916564,222.545595,207.383942
207.726776,195.009096,220.444456,207.543241
207.450317,194.900913,219.999721,207.694515
211.152832,198.718474,223.587190,207.800347
211.162720,198.728428,223.597011,207.907828
212.505508,200.191958,224.819059,208.058264
211.360184,199.265832,223.454535,208.290904
213.473099,201.828525,225.117673,208.774790
212.643722,201.280565,224.006880,209.130782
211.528030,200.229185,222.826876,209.301898
211.646515,200.887256,222.405773,209.593383
211.577393,201.186015,221.968770,209.836247
213.275635,202.997190,223.554080,209.973475
209.118927,198.871653,219.366201,210.112016
207.855133,197.762084,217.948182,210.191640
210.560440,200.485161,220.635719,210.220774
211.488541,201.420058,221.557023,210.247264
211.419434,201.582713,221.256154,210.441064
216.504227,206.718583,226.289870,210.508658
216.642471,207.005086,226.279856,210.810362
215.822968,206.145193,225.500742,211.017275
219.772339,210.076595,229.468083,211.272351
221.105255,211.129977,231.080534,211.462385
218.222214,208.048349,228.396078,211.430066
219.930298,209.828645,230.031951,211.357797
222.112335,211.872344,232.352326,211.320996
221.312576,210.731762,231.893391,211.376449
218.873856,208.026889,229.720822,211.407313
219.604492,208.582561,230.626424,211.522093
214.934357,203.708680,226.160033,211.643104
215.141693,203.891317,226.392069,211.729801
209.563217,198.285330,220.841104,211.787959
215.526764,204.223171,226.830357,211.718298
216.839935,205.608612,228.071259,211.915021
214.736923,203.460501,226.013345,212.042736
212.209274,201.560661,222.857888,212.539825
213.601440,203.459643,223.743238,212.780115
210.323471,200.985179,219.661763,213.150199
209.958160,201.504602,218.411719,213.400401
213.700195,205.713594,221.686796,213.522442
221.500183,213.515715,229.484651,213.539624
222.122223,214.024292,230.220154,213.591765
223.089798,214.857519,231.322077,213.658721
226.624481,217.989622,235.259340,213.821404
229.389038,220.227958,238.550118,214.330467
229.951828,219.859269,240.044387,214.892107
235.905502,224.956616,246.854388,215.672935
229.023743,216.600386,241.447099,216.387996
236.616394,223.626703,249.606085,216.794887
236.478149,222.287547,250.668752,217.332346
239.923996,224.815616,255.032376,217.839394
238.946472,222.634865,255.258080,218.380359
239.134125,221.975161,256.293088,218.895341
239.400680,221.519698,257.281663,219.342317
240.684204,222.011392,259.357016,219.836933
239.746262,220.271767,259.220756,220.296393
241.395142,221.249395,261.540888,220.665956
241.888794,221.065723,262.711865,221.101446
240.615128,219.093324,262.136931,221.503688
241.664078,219.642814,263.685342,222.002679
241.258331,218.778475,263.738188,222.480568
238.467636,215.624390,261.310882,222.888631
232.074722,209.096214,255.053231,223.357157
230.847595,207.962271,253.732919,223.738814
232.114319,209.579661,254.648977,224.215635
226.612045,204.516502,248.707589,224.662309
229.966858,208.275284,251.658432,225.015911
234.479507,213.135180,255.823835,225.410302
231.441361,210.376421,252.506300,225.826107
225.196899,204.277395,246.116404,226.139906
224.375504,203.650238,245.100769,226.330731
229.194946,208.699463,249.690430,226.734681
225.028656,204.630178,245.427134,226.986656
231.352310,211.018763,251.685858,227.030785
230.006439,209.809298,250.203580,227.241053
234.667526,214.577779,254.757274,227.348574
233.301849,213.183285,253.420414,227.557882
232.371612,212.290196,252.453029,227.717124
235.241486,215.308892,255.174080,227.916702
234.578430,214.722406,254.434455,228.167824
228.324097,208.811265,247.836928,228.620224
227.957916,208.866818,247.049014,228.825222
233.539352,215.321853,251.756851,229.252222
235.112839,217.340196,252.885481,229.585309
233.014862,215.612323,250.417402,229.889325
229.927261,213.120494,246.734029,230.167890
234.024277,218.101089,249.947464,230.431795
232.797150,217.694398,247.899902,230.707816
229.442383,215.649513,243.235253,231.128935
233.321655,221.067003,245.576308,231.536825
239.833328,228.843230,250.823426,231.935662
246.483536,235.825182,257.141890,232.344334
245.286102,234.477708,256.094497,232.881090
247.304916,236.458150,258.151682,233.255244
250.620117,239.379377,261.860858,233.605386
253.193115,241.177616,265.208614,234.007846
253.252487,240.277202,266.227773,234.518692
255.805695,241.890733,269.720656,234.823232
252.935806,238.061516,267.810097,235.346200
256.805206,241.209795,272.400618,235.602631
258.032318,241.432313,274.632323,235.970027
256.053101,238.442180,273.664021,236.282053
255.578079,237.201374,273.954785,236.559134
257.873962,238.823818,276.924107,236.791452
254.499420,234.649123,274.349718,237.108231
258.438080,238.085547,278.790612,237.362786
258.833893,237.735770,279.932015,237.644554
259.249573,237.435673,281.063473,237.897564
251.916504,229.405913,274.427095,238.312653
249.887787,227.120268,272.655306,238.708536
249.561218,226.628595,272.493841,238.972737
249.244537,226.162017,272.327058,239.166779
245.216812,222.007199,268.426425,239.312002
243.910507,220.798432,267.022583,239.620935
247.136673,224.192900,270.080446,239.864993
249.838333,226.983933,272.692733,240.134595
244.613129,222.046900,267.179357,240.680793
243.673004,221.360697,265.985311,241.039519
236.518112,214.314299,258.721925,241.214101
240.506256,218.460855,262.551657,241.248503
245.573074,224.089772,267.056377,241.605493
242.633942,221.807582,263.460301,242.203341
240.555740,220.124921,260.986560,242.591559
241.150864,221.404607,260.897120,243.000086
244.483658,225.049483,263.917833,243.239884
243.184265,224.173858,262.194672,243.540350
248.748810,229.938468,267.559152,243.725348
249.681213,231.112542,268.249885,243.972412
249.453094,231.184262,267.721927,244.263927
247.290726,229.207165,265.374286,244.515798
247.657730,229.839207,265.476253,244.780223
245.396210,228.287003,262.505416,245.243513
245.297012,229.000039,261.593986,245.850752
243.719894,227.845446,259.594343,246.124260
248.758728,233.210138,264.307318,246.343672
251.754288,236.714923,266.793653,246.650923
250.524338,236.273544,264.775131,247.180051
251.536072,237.808216,265.263927,247.496611
255.156509,242.101623,268.211396,247.840555
255.801285,243.785110,267.817460,248.333979
257.785034,246.464445,269.105623,248.964337
256.267426,245.022105,267.512746,249.320289
255.295364,243.929282,266.661446,249.506705
258.786835,247.390116,270.183553,249.712124
257.328735,245.690562,268.966909,249.957357
260.502869,248.691240,272.314497,250.163122
263.359528,251.226572,275.492483,250.323821
263.121460,250.473713,275.769207,250.516725
264.529968,251.477235,277.582701,250.612516
262.873505,249.267327,276.479682,250.808328
266.543518,252.623333,280.463703,250.932523
269.201813,254.741712,283.661913,251.036261
268.705872,253.440537,283.971206,251.234116
269.400208,253.421329,285.379086,251.469413
275.401184,258.750404,292.051964,251.587467
275.411102,257.511934,293.310270,252.036349
277.662720,258.693634,296.631806,252.517617
275.173096,255.009915,295.336276,252.885324
275.688873,254.653855,296.723892,253.167565
275.073883,253.134780,297.012986,253.656472
278.704224,256.009768,301.398679,254.121804
280.221832,256.571804,303.871860,254.777082
278.753815,254.128767,303.378862,255.358282
278.476105,253.202139,303.750070,256.082697
274.766418,249.001443,300.531394,256.797776
277.057678,250.981448,303.133908,257.504629
279.120789,252.577943,305.663634,258.105941
283.822449,256.928867,310.716030,258.866114
287.323852,259.892015,314.755690,259.791200
286.708832,259.017486,314.400177,261.057302
284.219208,256.197358,312.241058,262.091976
283.901764,255.557401,312.246127,263.062723
284.179535,255.781297,312.577773,264.086701
282.602417,254.367090,310.837744,264.798678
282.513153,254.595659,310.430647,265.634431
284.794525,257.079059,312.509992,266.263772
284.189423,256.734466,311.644379,266.981299
287.175018,259.762920,314.587116,267.558151
287.115540,259.611674,314.619405,268.067842
285.994659,258.498855,313.490464,268.627955
284.120026,256.910384,311.329667,269.326713
284.625885,257.855483,311.396287,269.912076
287.462708,261.372969,313.552446,270.592871
290.478119,265.065103,315.891135,271.243135
292.213898,267.599394,316.828402,272.173774
290.706207,266.490928,314.921487,273.102655
288.927338,265.086275,312.768400,273.858190
294.929871,271.769912,318.089829,274.620025
302.472778,279.685442,325.260114,275.522063
302.760986,279.594078,325.927895,276.916804
300.743591,277.283717,324.203465,277.777816
300.137390,276.548467,323.726314,278.473573
297.235504,273.808749,320.662259,279.197381
297.861572,275.005831,320.717313,280.045643
301.707581,279.219180,324.195981,280.914721
300.008209,277.885493,322.130926,282.004730
299.958496,278.181488,321.735504,282.942753
299.282715,277.741665,320.823765,283.668956
299.272797,278.132207,320.413386,284.260689
298.318726,277.571499,319.065952,284.846230
298.348511,278.298029,318.398993,285.573285
295.406921,275.846007,314.967836,286.092690
293.876434,274.809095,312.943774,286.572895
295.148468,276.737190,313.559746,287.061325
297.931152,280.159965,315.702339,287.506704
302.929962,285.325170,320.534755,288.010419
303.327484,285.671265,320.983704,288.766957
298.010651,280.213040,315.808261,289.269139
292.475159,275.015100,309.935218,289.914602
292.972076,275.997350,309.946803,290.308600
296.728638,280.323273,313.134002,290.620488
297.702576,281.584002,313.821150,291.045029
297.493897,281.578359,313.409434,291.381462
292.346008,276.768510,307.923506,291.723014
281.762024,266.665743,296.858305,292.051270
282.239075,267.677076,296.801073,292.163644
280.171967,265.981012,294.362921,292.285178
287.307434,273.193336,301.421532,292.221737
281.354553,267.378244,295.330862,292.264839
286.969543,272.716920,301.222167,292.062616
291.292542,277.048053,305.537030,292.059792
293.021759,278.965100,307.078418,292.273689
293.021759,279.181757,306.861761,292.538670
292.405640,278.781141,306.030138,292.682190
291.063995,277.759433,304.368558,292.866570
294.472717,281.501926,307.443509,292.988261
300.872803,288.124364,313.621241,293.149618
302.323731,289.680991,314.966470,293.463120
305.384674,292.652787,318.116561,293.735690
306.318817,293.345440,319.292194,294.060857
305.503906,292.327265,318.680548,294.361446
308.833130,295.677699,321.988560,294.687043
307.243072,293.893550,320.592595,295.015973
306.219421,292.691451,319.747391,295.295352
308.187134,294.458720,321.915548,295.537149
321.166168,307.094378,335.237958,295.907425
322.338867,306.768594,337.909140,297.106603
329.563782,312.651710,346.475854,297.808681
327.327728,308.229370,346.426087,298.796858
331.064453,310.337646,351.791260,299.319679
331.929016,309.339306,354.518726,299.958045
334.353912,309.997346,358.710479,300.520178
333.976257,307.790800,360.161715,301.202223
334.900482,307.136463,362.664501,301.873525
333.866974,304.593774,363.140174,302.521762
328.748871,298.164399,359.333342,303.084944
330.368774,298.956946,361.780603,303.693273
334.632172,302.353123,366.911220,304.124539
333.986206,300.629057,367.343355,304.788265
337.404877,303.106784,371.702970,305.256644
337.633881,302.261683,373.006078,305.904811
339.774445,303.412237,376.136652,306.491679
341.606354,304.277351,378.935356,307.281417
338.340729,300.077227,376.604231,308.109165
336.200165,297.282558,375.117771,309.116098
336.429169,296.980133,375.878205,309.974577
328.235199,288.197055,368.273343,310.598817
335.154785,294.910004,375.399566,311.056921
329.141235,288.576737,369.705734,312.055484
328.633453,288.235487,369.031420,313.256214
328.046051,287.863474,368.228628,314.032076
321.594452,281.543548,361.645356,314.745830
324.760529,284.971356,364.549701,315.219779
333.452270,293.909442,372.995099,315.648741
333.502075,294.240440,372.763711,316.499239
331.640259,293.413980,369.866537,318.003923
341.038879,304.013140,378.064619,318.982550
337.912628,302.064828,373.760428,320.621716
326.901093,291.957588,361.844597,321.797706
333.183441,300.119769,366.247114,322.956116
323.476166,291.830452,355.121879,323.925800
322.380981,292.061232,352.700730,324.612534
318.508026,289.475227,347.540825,325.016158
325.855713,298.174383,353.537043,325.299648
331.739807,305.647261,357.832353,325.779665
333.223267,308.993305,357.453228,326.348138
340.949280,318.404923,363.493636,326.998917
339.754517,318.126671,361.382362,327.734353
340.451477,319.811754,361.091200,328.357541
337.832977,317.996720,357.669235,328.887133
334.846130,315.965136,353.727124,329.295439
333.282989,315.675204,350.890775,329.666597
327.568176,311.054544,344.081808,330.007228
314.993530,299.891929,330.095131,330.241319
312.504456,298.410826,326.598085,330.104221
312.663757,299.103733,326.223781,330.045440
312.892761,298.618397,327.167126,329.971180
313.599670,298.616683,328.582657,329.570999
316.875214,301.110407,332.640020,329.231861
303.464264,287.249115,319.679413,328.963486
308.840607,290.922965,326.758248,328.103213
301.323669,282.456238,320.191101,327.507998
302.000702,281.588305,322.413099,326.627873
300.278290,278.570247,321.986332,325.745163
294.732696,271.736594,317.728799,325.009030
295.071197,270.368730,319.773665,323.730381
287.225738,260.969481,313.481996,322.095169
295.409729,266.996022,323.823436,320.458088
298.525971,269.039718,328.012223,318.930051
306.909088,276.674862,337.143314,318.158276
309.617188,279.287992,339.946383,317.614715
307.406921,277.145553,337.668289,317.195617
312.086304,281.953338,342.219270,316.695288
299.929810,270.227125,329.632494,316.303949
304.599274,274.718739,334.479808,315.544092
299.631134,269.774333,329.487935,314.995815
303.225311,273.226905,333.223717,314.508885
309.846161,279.638013,340.054309,314.133895
301.054871,271.134024,330.975717,313.739969
293.747040,263.620947,323.873132,313.077913
293.707214,263.022351,324.392077,312.396746
299.153229,267.962139,330.344318,311.778753
298.804047,267.290298,330.317795,311.375461
290.054443,258.297583,321.811303,310.957571
287.260925,255.174998,319.346852,310.219703
287.051422,254.563251,319.539593,309.492629
279.618744,246.733263,312.504224,308.738499
293.905457,260.788309,327.022604,307.507530
296.619141,264.060988,329.177293,306.647116
298.095703,265.667158,330.524248,306.005097
294.264648,262.391739,326.137558,305.358088
299.492462,267.627830,331.357095,304.843280
295.232391,263.526353,326.938430,304.309912
289.186432,257.426090,320.946774,303.965713
278.261902,246.533939,309.989865,303.427980
275.209015,243.306053,307.111977,302.493598
287.829620,255.786660,319.872581,301.507206
284.926361,254.314580,315.538142,300.859659
279.419220,250.209536,308.628904,300.303723
275.797638,248.008075,303.587200,299.713424
286.482758,259.853461,313.112054,299.042057
293.705933,268.790386,318.621479,298.509184
294.533997,271.631401,317.436592,297.923946
299.731873,278.437553,321.026192,297.393697
298.464844,277.762285,319.167402,297.095976
303.353455,283.120634,323.586275,296.812173
298.794067,278.984373,318.603761,296.644004
303.393372,284.126509,322.660235,296.310500
302.974335,284.238532,321.710138,296.142092
309.978058,292.096378,327.859738,295.859376
314.677094,296.481447,332.872740,295.896426
313.130676,294.531924,331.729428,295.924645
307.593567,288.440434,326.746700,296.056894
308.701019,289.352155,328.049883,296.115413
314.238098,294.613826,333.862370,296.216666
310.157623,289.932246,330.383001,296.495056
298.804047,278.258183,319.349910,296.736110
300.669708,280.334755,321.004661,297.170431
296.279938,275.938752,316.621124,297.326259
284.597168,264.252632,304.941704,297.273460
281.404571,260.901661,301.907482,296.728237
286.951660,266.279505,307.623816,296.084619
279.179749,258.559531,299.799966,295.681948
279.868133,259.199712,300.536555,295.031477
284.637054,263.531526,305.742583,294.704153
285.694580,264.553918,306.835242,294.347730
280.157471,258.905612,301.409329,294.129423
273.393250,251.905834,294.880665,293.686671
280.067688,258.284610,301.850766,292.995008
269.592102,247.602863,291.581342,292.472879
282.561890,259.601085,305.522694,291.772645
288.957001,265.828169,312.085832,291.367922
276.875122,253.813975,299.936270,291.188370
283.808990,260.438162,307.179819,290.723340
281.125244,257.653361,304.597128,290.587952
289.306183,265.679944,312.932422,290.506901
276.705536,253.104495,300.306577,290.571085
274.091614,250.357509,297.825719,290.456721
263.965179,239.746768,288.183591,289.948925
268.873779,243.540650,294.206909,289.049312
259.944550,234.002030,285.887070,288.367945
254.756653,227.518775,281.994531,287.408209
260.513245,231.776921,289.249568,286.173432
260.892364,231.191771,290.592958,285.488232
266.200012,235.569565,296.830459,284.936914
254.080002,222.985380,285.174623,284.784587
253.139999,220.858585,285.421414,284.478367
252.559998,218.954373,286.165622,283.779841
260.649994,225.773027,295.526961,283.014154
259.619995,224.104262,295.135728,282.623806
262.519989,226.390455,298.649523,282.345479
265.899994,229.262081,302.537907,281.914719
273.239990,236.377474,310.102506,281.395440
271.869995,235.051766,308.688224,281.011477
272.420013,235.808949,309.031078,280.296836
274.579987,238.174185,310.985789,279.855213
270.019989,234.107689,305.932289,279.316188
268.750000,233.074792,304.425208,278.850647
272.500000,237.296545,307.703455,278.344461
270.410004,235.792904,305.027103,277.922649
264.790008,231.252106,298.327911,277.257724
252.990005,220.919445,285.060566,276.351231
242.259995,211.160414,273.359575,275.259716
244.490005,213.282234,275.697777,273.666841
251.759995,220.946433,282.573556,272.575156
244.970001,215.859114,274.080888,271.540739
247.649994,219.627748,275.672240,270.467635
253.740005,226.118607,281.361404,269.188861
253.130005,226.587856,279.672154,268.312582
258.859985,233.130563,284.589408,267.663982
267.700012,242.278048,293.121976,267.170916
264.890015,239.776244,290.003785,266.914961
256.480011,231.997130,280.962892,266.619553
260.260010,235.856253,284.663766,266.237847
256.829987,232.670201,280.989772,265.993937
259.579987,235.879753,283.280220,265.568971
262.850006,239.814605,285.885407,265.209372
266.209992,243.582283,288.837700,264.910785
268.399994,245.905647,290.894341,264.778394
267.660004,245.582432,289.737576,264.491037
264.510010,242.463035,286.556984,264.382250
253.669998,232.259831,275.080166,263.646255
252.720001,232.372258,273.067745,262.874326
254.080002,233.905407,274.254596,262.349325
256.720001,237.338685,276.101317,261.728402
254.250000,235.600445,272.899555,261.307901
259.529999,242.556943,276.503055,260.601069
262.269989,245.910768,278.629210,260.125752
264.839996,248.938419,280.741574,259.808075
260.359985,244.440541,276.279430,259.750264
258.829987,243.098126,274.561847,259.514289
251.899994,236.163149,267.636839,259.489587
268.739990,252.901505,284.578475,259.449512
276.410004,260.387572,292.432436,259.721248
280.739990,264.085630,297.394350,260.083380
278.010010,260.475990,295.544029,260.421818
274.820007,256.752742,292.887273,260.825751
282.470001,264.175147,300.764855,261.226875
283.649994,264.653631,302.646357,261.824464
282.910004,263.000299,302.819708,262.136794
280.320007,259.649894,300.990121,262.442790
282.299988,261.084583,303.515393,262.686172
289.160004,267.310589,311.009418,262.963455
287.019989,264.183275,309.856703,263.234935
291.910004,268.279712,315.540295,263.346855
293.470001,268.703443,318.236559,263.656656
292.709992,266.801809,318.618174,263.701052
291.320000,264.313911,318.326089,263.967140
290.170000,262.231714,318.108286,264.268090
286.150000,257.457902,314.842098,264.466150
277.750000,248.551485,306.948515,264.729708
276.440000,247.092901,305.787099,264.979485
275.790000,246.626633,304.953367,265.428877
278.850000,250.550481,307.149519,266.428486
268.090000,240.503331,295.676669,267.098677
